<?xml version="1.0" encoding="UTF-8"?>
<project-private xmlns="http://www.netbeans.org/ns/project-private/1">
    <editor-bookmarks xmlns="http://www.netbeans.org/ns/editor-bookmarks/2" lastBookmarkId="0"/>
    <open-files xmlns="http://www.netbeans.org/ns/projectui-open-files/2">
        <group>
            <file>file:/C:/Users/alfon/Desktop/School/PRG510S%20-%20Programming%201/Labs/FileDemo2/src/file_demo/CheckIfExists.java</file>
            <file>file:/C:/Users/alfon/Desktop/School/PRG510S%20-%20Programming%201/Labs/FileDemo2/src/file_demo/DeleteFile.java</file>
            <file>file:/C:/Users/alfon/Desktop/School/PRG510S%20-%20Programming%201/Labs/FileDemo2/src/file_demo/WriteToFile.java</file>
            <file>file:/C:/Users/alfon/Desktop/School/PRG510S%20-%20Programming%201/Labs/FileDemo2/src/file_demo/ReadFromFile.java</file>
            <file>file:/C:/Users/alfon/Desktop/School/PRG510S%20-%20Programming%201/Labs/FileDemo2/src/file_demo/file_demo.java</file>
        </group>
    </open-files>
</project-private>
